0,99.3103448275862,5.870392390011891
1,99.3103448275862,5.8680142687277055
2,99.3103448275862,5.517241379310345
3,99.3103448275862,5.304399524375744
4,99.3103448275862,5.1474435196195
5,99.3103448275862,5.008323424494649
6,99.3103448275862,4.89179548156956
7,99.3103448275862,4.793103448275862
8,99.3103448275862,4.708680142687277
9,99.3103448275862,4.623067776456599
10,99.3103448275862,4.511296076099882
11,99.3103448275862,4.456599286563614
12,99.3103448275862,4.3757431629013075
13,99.3103448275862,4.272294887039239
14,99.3103448275862,4.214030915576695
15,99.3103448275862,4.118906064209274
16,99.3103448275862,4.070154577883471
17,99.3103448275862,4.004756242568371
18,99.3103448275862,3.9500594530321043
19,99.3103448275862,3.8834720570749113
20,99.3103448275862,3.766944114149821
21,99.3103448275862,3.739595719381689
22,99.3103448275862,3.7039239001189057
23,99.3103448275862,3.6444708680142686
24,99.3103448275862,3.595719381688466
25,99.3103448275862,3.5315101070154578
26,99.3103448275862,3.5041617122473245
27,99.3103448275862,3.4661117717003567
28,99.3103448275862,3.4114149821640902
29,99.3103448275862,3.3650416171224733
30,99.3103448275862,3.313912009512485
31,99.3103448275862,3.2794292508917953
32,99.3103448275862,3.2401902497027346
33,99.3103448275862,3.2080856123662307
34,98.62068965517241,3.1486325802615935
35,98.62068965517241,3.1070154577883473
36,98.62068965517241,3.0535077288941737
37,98.62068965517241,3.01307966706302
38,97.93103448275862,2.9690844233055884
39,97.93103448275862,2.9357907253269917
40,96.89655172413794,2.868014268727705
41,96.89655172413794,2.8359096313912007
42,95.86206896551724,2.8097502972651607
43,94.82758620689656,2.759809750297265
44,94.13793103448276,2.73602853745541
45,92.75862068965517,2.6920332936979787
46,90.0,2.66230677764566
47,86.55172413793103,2.625445897740785
48,84.48275862068965,2.5992865636147444
49,81.37931034482759,2.5636147443519617
50,70.6896551724138,2.431629013079667
51,68.27586206896552,2.4233055885850177
52,62.758620689655174,2.394768133174792
53,58.27586206896552,2.361474435196195
54,51.724137931034484,2.3269916765755054
55,44.48275862068966,2.2913198573127227
56,38.275862068965516,2.255648038049941
57,33.10344827586207,2.221165279429251
58,27.93103448275862,2.186682520808561
59,23.79310344827586,2.159334126040428
60,17.586206896551722,2.0844233055885852
61,16.551724137931036,2.0582639714625444
62,13.793103448275861,2.033293697978597
63,12.413793103448276,1.9892984542211654
64,11.03448275862069,1.948870392390012
65,10.0,1.921521997621879
66,9.310344827586208,1.8929845422116527
67,6.896551724137931,1.8394768133174793
68,6.896551724137931,1.802615933412604
69,6.551724137931035,1.7847800237812128
70,5.862068965517241,1.7265160523186682
71,5.517241379310345,1.7098692033293696
72,4.827586206896552,1.670630202140309
73,4.482758620689655,1.6456599286563616
74,4.137931034482759,1.6123662306777646
75,2.7586206896551726,1.5600475624256835
76,2.7586206896551726,1.5422116527942924
77,2.413793103448276,1.5243757431629015
78,2.0689655172413794,1.492271105826397
79,2.0689655172413794,1.4577883472057076
80,1.7241379310344827,1.4066587395957195
81,1.3793103448275863,1.375743162901308
82,1.3793103448275863,1.3614744351961952
83,1.3793103448275863,1.3305588585017836
84,1.3793103448275863,1.2984542211652794
85,1.0344827586206897,1.2782401902497027
86,1.0344827586206897,1.2437574316290132
87,0.6896551724137931,1.2223543400713437
88,0.6896551724137931,1.1938168846611177
89,0.6896551724137931,1.1557669441141498
90,0.3448275862068966,1.135552913198573
91,0.3448275862068966,1.1093935790725327
92,0.3448275862068966,1.0784780023781213
93,0.0,1.04756242568371
94,0.0,0.9964328180737219
95,0.0,0.9643281807372176
96,0.0,0.9322235434007133
97,0.0,0.901307966706302
98,0.0,0.8478002378121284
99,0.0,0.7693222354340071
