0,99.6551724137931,2.2913198573127227
1,99.6551724137931,2.2913198573127227
2,99.6551724137931,2.2913198573127227
3,99.6551724137931,2.2913198573127227
4,99.6551724137931,2.2913198573127227
5,99.6551724137931,2.2913198573127227
6,99.6551724137931,2.280618311533888
7,99.6551724137931,2.2473246135552913
8,99.6551724137931,2.1355529131985733
9,99.6551724137931,2.0642092746730083
10,99.6551724137931,1.963139120095125
11,99.6551724137931,1.9607609988109393
12,99.6551724137931,1.934601664684899
13,99.6551724137931,1.9179548156956006
14,99.6551724137931,1.8906064209274673
15,99.6551724137931,1.8525564803804992
16,99.6551724137931,1.8240190249702735
17,99.6551724137931,1.7824019024970272
18,99.6551724137931,1.7764565992865637
19,99.6551724137931,1.7443519619500594
20,99.6551724137931,1.694411414982164
21,99.6551724137931,1.694411414982164
22,99.6551724137931,1.66230677764566
23,99.6551724137931,1.6480380499405471
24,99.6551724137931,1.6313912009512483
25,99.6551724137931,1.592152199762188
26,99.6551724137931,1.592152199762188
27,99.6551724137931,1.5802615933412603
28,99.6551724137931,1.5624256837098691
29,99.6551724137931,1.5338882282996433
30,99.6551724137931,1.4970273483947683
31,99.3103448275862,1.4791914387633769
32,99.3103448275862,1.4732461355529132
33,99.3103448275862,1.4732461355529132
34,96.55172413793103,1.33769322235434
35,96.55172413793103,1.33769322235434
36,96.55172413793103,1.3246135552913199
37,95.86206896551724,1.3115338882282996
38,95.17241379310344,1.300832342449465
39,95.17241379310344,1.2901307966706304
40,92.75862068965517,1.2615933412604041
41,92.75862068965517,1.2615933412604041
42,91.0344827586207,1.2425683709869204
43,90.3448275862069,1.2282996432818074
44,88.96551724137932,1.2235434007134365
45,88.27586206896552,1.2175980975029725
46,85.86206896551725,1.206896551724138
47,83.44827586206897,1.1854934601664684
48,83.44827586206897,1.1807372175980975
49,83.44827586206897,1.1807372175980975
50,68.62068965517241,1.0915576694411415
51,68.62068965517241,1.0915576694411415
52,68.62068965517241,1.0915576694411415
53,68.27586206896552,1.089179548156956
54,61.03448275862069,1.0713436385255648
55,57.58620689655173,1.061831153388823
56,55.86206896551724,1.0535077288941737
57,55.51724137931034,1.0487514863258025
58,52.41379310344828,1.0380499405469679
59,47.93103448275862,1.019024970273484
60,40.0,0.9845422116527943
61,40.0,0.9845422116527943
62,34.82758620689655,0.9702734839476814
63,33.10344827586207,0.9643281807372176
64,30.0,0.9536266349583828
65,26.89655172413793,0.9417360285374553
66,26.89655172413793,0.9417360285374553
67,14.482758620689657,0.8727705112960761
68,14.482758620689657,0.8727705112960761
69,13.793103448275861,0.8703923900118905
70,9.655172413793103,0.8287752675386445
71,8.96551724137931,0.8240190249702736
72,6.896551724137931,0.8145065398335314
73,5.517241379310345,0.8061831153388823
74,5.517241379310345,0.7978596908442331
75,4.137931034482759,0.7669441141498217
76,4.137931034482759,0.7669441141498217
77,4.137931034482759,0.7526753864447087
78,4.137931034482759,0.7443519619500595
79,3.793103448275862,0.7384066587395958
80,2.413793103448276,0.7170035671819263
81,2.413793103448276,0.7170035671819263
82,2.0689655172413794,0.7015457788347206
83,2.0689655172413794,0.6967895362663495
84,0.6896551724137931,0.6730083234244947
85,0.3448275862068966,0.6634958382877526
86,0.3448275862068966,0.6504161712247325
87,0.3448275862068966,0.643281807372176
88,0.3448275862068966,0.638525564803805
89,0.3448275862068966,0.6313912009512485
90,0.3448275862068966,0.6183115338882282
91,0.3448275862068966,0.6028537455410226
92,0.3448275862068966,0.5838287752675386
93,0.0,0.5457788347205708
94,0.0,0.535077288941736
95,0.0,0.5315101070154578
96,0.0,0.5315101070154578
97,0.0,0.5315101070154578
98,0.0,0.5315101070154578
99,0.0,0.5315101070154578
