0,100.0,5.8171745152354575
1,100.0,5.8171745152354575
2,100.0,5.8171745152354575
3,100.0,5.8171745152354575
4,100.0,5.8171745152354575
5,100.0,5.8171745152354575
6,100.0,5.8171745152354575
7,100.0,5.8171745152354575
8,100.0,5.8171745152354575
9,100.0,5.540166204986149
10,100.0,4.7091412742382275
11,100.0,4.7091412742382275
12,100.0,4.7091412742382275
13,100.0,4.7091412742382275
14,100.0,4.7091412742382275
15,100.0,4.7091412742382275
16,100.0,4.7091412742382275
17,100.0,4.7091412742382275
18,100.0,4.7091412742382275
19,100.0,4.7091412742382275
20,100.0,4.1551246537396125
21,100.0,4.1551246537396125
22,100.0,4.1551246537396125
23,100.0,4.1551246537396125
24,100.0,4.1551246537396125
25,100.0,3.8781163434903045
26,100.0,3.8781163434903045
27,100.0,3.8781163434903045
28,100.0,3.8781163434903045
29,100.0,3.8781163434903045
30,100.0,3.6011080332409975
31,100.0,3.6011080332409975
32,100.0,3.6011080332409975
33,100.0,3.6011080332409975
34,100.0,3.6011080332409975
35,100.0,3.6011080332409975
36,100.0,3.6011080332409975
37,100.0,3.32409972299169
38,100.0,3.32409972299169
39,94.73684210526315,3.0470914127423825
40,94.73684210526315,2.7700831024930745
41,94.73684210526315,2.7700831024930745
42,94.73684210526315,2.7700831024930745
43,94.73684210526315,2.7700831024930745
44,94.73684210526315,2.7700831024930745
45,94.73684210526315,2.7700831024930745
46,89.47368421052632,2.7700831024930745
47,89.47368421052632,2.7700831024930745
48,89.47368421052632,2.7700831024930745
49,89.47368421052632,2.7700831024930745
50,73.68421052631578,2.21606648199446
51,73.68421052631578,2.21606648199446
52,73.68421052631578,2.21606648199446
53,73.68421052631578,2.21606648199446
54,73.68421052631578,2.21606648199446
55,63.1578947368421,2.21606648199446
56,63.1578947368421,2.21606648199446
57,63.1578947368421,2.21606648199446
58,63.1578947368421,2.21606648199446
59,57.89473684210527,2.21606648199446
60,42.10526315789473,2.21606648199446
61,42.10526315789473,2.21606648199446
62,36.84210526315789,2.21606648199446
63,31.57894736842105,2.21606648199446
64,15.789473684210526,1.9390581717451523
65,15.789473684210526,1.9390581717451523
66,15.789473684210526,1.9390581717451523
67,15.789473684210526,1.9390581717451523
68,15.789473684210526,1.9390581717451523
69,15.789473684210526,1.9390581717451523
70,10.526315789473683,1.9390581717451523
71,10.526315789473683,1.9390581717451523
72,10.526315789473683,1.9390581717451523
73,5.263157894736842,1.9390581717451523
74,5.263157894736842,1.9390581717451523
75,5.263157894736842,1.9390581717451523
76,5.263157894736842,1.9390581717451523
77,5.263157894736842,1.9390581717451523
78,5.263157894736842,1.9390581717451523
79,5.263157894736842,1.9390581717451523
80,0.0,1.662049861495845
81,0.0,1.662049861495845
82,0.0,1.662049861495845
83,0.0,1.662049861495845
84,0.0,1.662049861495845
85,0.0,1.662049861495845
86,0.0,1.662049861495845
87,0.0,1.662049861495845
88,0.0,1.662049861495845
89,0.0,1.662049861495845
90,0.0,1.662049861495845
91,0.0,0.8310249307479225
92,0.0,0.8310249307479225
93,0.0,0.8310249307479225
94,0.0,0.8310249307479225
95,0.0,0.8310249307479225
96,0.0,0.8310249307479225
97,0.0,0.8310249307479225
98,0.0,0.8310249307479225
99,0.0,0.8310249307479225
