0,99.0909090909091,10.12396694214876
1,99.0909090909091,10.12396694214876
2,99.0909090909091,10.12396694214876
3,99.0909090909091,10.12396694214876
4,99.0909090909091,10.12396694214876
5,99.0909090909091,10.12396694214876
6,99.0909090909091,9.768595041322314
7,99.0909090909091,9.041322314049587
8,99.0909090909091,8.24793388429752
9,99.0909090909091,7.892561983471075
10,99.0909090909091,7.611570247933884
11,99.0909090909091,7.611570247933884
12,99.0909090909091,7.5041322314049586
13,99.0909090909091,7.3884297520661155
14,99.0909090909091,7.165289256198347
15,99.0909090909091,6.983471074380166
16,99.0909090909091,6.785123966942148
17,99.0909090909091,6.6033057851239665
18,99.0909090909091,6.537190082644628
19,99.0909090909091,6.3966942148760335
20,99.0909090909091,6.231404958677686
21,99.0909090909091,6.231404958677686
22,99.0909090909091,6.190082644628099
23,99.0909090909091,6.181818181818182
24,99.0909090909091,6.016528925619834
25,99.0909090909091,5.87603305785124
26,99.0909090909091,5.87603305785124
27,99.0909090909091,5.776859504132231
28,99.0909090909091,5.6115702479338845
29,99.0909090909091,5.5041322314049586
30,99.0909090909091,5.479338842975206
31,99.0909090909091,5.338842975206612
32,99.0909090909091,5.256198347107438
33,99.0909090909091,5.256198347107438
34,98.18181818181819,5.090909090909091
35,98.18181818181819,5.090909090909091
36,98.18181818181819,5.024793388429752
37,98.18181818181819,4.900826446280992
38,98.18181818181819,4.8429752066115705
39,97.27272727272728,4.75206611570248
40,96.36363636363636,4.661157024793389
41,96.36363636363636,4.661157024793389
42,94.54545454545455,4.56198347107438
43,94.54545454545455,4.471074380165289
44,94.54545454545455,4.454545454545455
45,94.54545454545455,4.446280991735537
46,93.63636363636364,4.380165289256198
47,85.45454545454545,4.2727272727272725
48,85.45454545454545,4.239669421487603
49,85.45454545454545,4.239669421487603
50,76.36363636363637,4.099173553719009
51,76.36363636363637,4.099173553719009
52,76.36363636363637,4.099173553719009
53,76.36363636363637,4.082644628099173
54,69.0909090909091,3.925619834710744
55,64.54545454545455,3.84297520661157
56,62.727272727272734,3.834710743801653
57,60.0,3.7768595041322315
58,54.54545454545454,3.6942148760330578
59,43.63636363636363,3.628099173553719
60,38.18181818181819,3.56198347107438
61,38.18181818181819,3.56198347107438
62,36.36363636363637,3.4545454545454546
63,32.72727272727273,3.4214876033057853
64,29.09090909090909,3.355371900826446
65,24.545454545454547,3.2644628099173554
66,24.545454545454547,3.2644628099173554
67,20.0,3.15702479338843
68,20.0,3.15702479338843
69,18.181818181818183,3.12396694214876
70,10.909090909090908,3.0826446280991737
71,10.0,3.0578512396694215
72,8.181818181818182,3.0
73,8.181818181818182,2.9834710743801653
74,8.181818181818182,2.950413223140496
75,6.363636363636363,2.884297520661157
76,6.363636363636363,2.884297520661157
77,4.545454545454546,2.809917355371901
78,4.545454545454546,2.809917355371901
79,3.6363636363636362,2.760330578512397
80,3.6363636363636362,2.727272727272727
81,3.6363636363636362,2.727272727272727
82,2.727272727272727,2.677685950413223
83,2.727272727272727,2.652892561983471
84,2.727272727272727,2.5950413223140494
85,1.8181818181818181,2.5371900826446283
86,1.8181818181818181,2.512396694214876
87,1.8181818181818181,2.4214876033057853
88,0.9090909090909091,2.371900826446281
89,0.9090909090909091,2.355371900826446
90,0.9090909090909091,2.347107438016529
91,0.9090909090909091,2.322314049586777
92,0.9090909090909091,2.2644628099173554
93,0.0,2.1404958677685952
94,0.0,1.975206611570248
95,0.0,1.9090909090909092
96,0.0,1.9090909090909092
97,0.0,1.9090909090909092
98,0.0,1.9090909090909092
99,0.0,1.9090909090909092
