0,100.0,98.88888888888889
1,100.0,8.592592592592592
2,100.0,8.592592592592592
3,100.0,8.592592592592592
4,100.0,8.592592592592592
5,100.0,8.592592592592592
6,100.0,8.592592592592592
7,100.0,8.592592592592592
8,100.0,8.592592592592592
9,100.0,8.592592592592592
10,100.0,8.592592592592592
11,100.0,8.592592592592592
12,100.0,8.592592592592592
13,100.0,8.580246913580247
14,100.0,8.580246913580247
15,100.0,8.469135802469136
16,100.0,8.469135802469136
17,100.0,8.148148148148149
18,100.0,8.148148148148149
19,100.0,8.148148148148149
20,100.0,8.148148148148149
21,98.88888888888889,7.28395061728395
22,98.88888888888889,7.28395061728395
23,98.88888888888889,7.28395061728395
24,98.88888888888889,7.28395061728395
25,98.88888888888889,7.28395061728395
26,98.88888888888889,7.061728395061728
27,98.88888888888889,7.061728395061728
28,98.88888888888889,7.061728395061728
29,98.88888888888889,7.0246913580246915
30,98.88888888888889,7.0246913580246915
31,98.88888888888889,7.0246913580246915
32,98.88888888888889,7.0246913580246915
33,98.88888888888889,7.0246913580246915
34,94.44444444444444,6.703703703703703
35,94.44444444444444,6.703703703703703
36,94.44444444444444,6.703703703703703
37,94.44444444444444,6.703703703703703
38,94.44444444444444,6.691358024691358
39,94.44444444444444,6.691358024691358
40,94.44444444444444,6.691358024691358
41,81.11111111111111,6.135802469135802
42,81.11111111111111,6.135802469135802
43,80.0,6.061728395061729
44,80.0,6.061728395061729
45,80.0,6.061728395061729
46,80.0,6.061728395061729
47,80.0,6.061728395061729
48,80.0,6.061728395061729
49,80.0,6.061728395061729
50,80.0,6.061728395061729
51,50.0,5.617283950617284
52,50.0,5.617283950617284
53,50.0,5.617283950617284
54,50.0,5.617283950617284
55,50.0,5.617283950617284
56,50.0,5.617283950617284
57,50.0,5.617283950617284
58,45.55555555555556,5.555555555555555
59,45.55555555555556,5.555555555555555
60,45.55555555555556,5.555555555555555
61,24.444444444444443,5.197530864197531
62,24.444444444444443,5.197530864197531
63,23.333333333333332,5.172839506172839
64,23.333333333333332,5.172839506172839
65,23.333333333333332,5.172839506172839
66,23.333333333333332,5.172839506172839
67,10.0,4.888888888888889
68,10.0,4.888888888888889
69,10.0,4.888888888888889
70,10.0,4.888888888888889
71,10.0,4.888888888888889
72,10.0,4.802469135802469
73,10.0,4.802469135802469
74,10.0,4.802469135802469
75,10.0,4.802469135802469
76,4.444444444444445,4.333333333333334
77,4.444444444444445,4.333333333333334
78,4.444444444444445,4.333333333333334
79,4.444444444444445,4.333333333333334
80,4.444444444444445,4.333333333333334
81,0.0,3.901234567901234
82,0.0,3.901234567901234
83,0.0,3.901234567901234
84,0.0,3.617283950617284
85,0.0,3.617283950617284
86,0.0,3.567901234567901
87,0.0,3.567901234567901
88,0.0,3.567901234567901
89,0.0,3.567901234567901
90,0.0,3.567901234567901
91,0.0,3.567901234567901
92,0.0,3.567901234567901
93,0.0,3.567901234567901
94,0.0,3.567901234567901
95,0.0,3.567901234567901
96,0.0,3.567901234567901
97,0.0,3.567901234567901
98,0.0,3.567901234567901
99,0.0,3.567901234567901
100,0.0,0.0
