0,100.0,97.82608695652173
1,100.0,3.119092627599244
2,100.0,3.119092627599244
3,100.0,3.119092627599244
4,100.0,3.119092627599244
5,100.0,3.119092627599244
6,100.0,3.119092627599244
7,100.0,3.119092627599244
8,100.0,3.119092627599244
9,100.0,3.119092627599244
10,100.0,3.119092627599244
11,100.0,3.119092627599244
12,100.0,3.119092627599244
13,100.0,3.119092627599244
14,100.0,3.119092627599244
15,100.0,3.119092627599244
16,100.0,3.119092627599244
17,100.0,3.0245746691871456
18,100.0,3.0245746691871456
19,100.0,3.0245746691871456
20,100.0,3.0245746691871456
21,100.0,2.551984877126654
22,100.0,2.551984877126654
23,100.0,2.551984877126654
24,100.0,2.551984877126654
25,100.0,2.551984877126654
26,95.65217391304348,2.1266540642722114
27,95.65217391304348,2.1266540642722114
28,95.65217391304348,2.1266540642722114
29,95.65217391304348,2.1266540642722114
30,95.65217391304348,2.1266540642722114
31,95.65217391304348,2.1266540642722114
32,95.65217391304348,2.1266540642722114
33,95.65217391304348,2.1266540642722114
34,91.30434782608695,2.0321361058601135
35,91.30434782608695,2.0321361058601135
36,91.30434782608695,2.0321361058601135
37,91.30434782608695,2.0321361058601135
38,91.30434782608695,2.0321361058601135
39,91.30434782608695,2.0321361058601135
40,91.30434782608695,2.0321361058601135
41,76.08695652173914,1.4177693761814745
42,76.08695652173914,1.4177693761814745
43,76.08695652173914,1.4177693761814745
44,76.08695652173914,1.4177693761814745
45,76.08695652173914,1.4177693761814745
46,76.08695652173914,1.4177693761814745
47,76.08695652173914,1.4177693761814745
48,76.08695652173914,1.4177693761814745
49,76.08695652173914,1.4177693761814745
50,76.08695652173914,1.4177693761814745
51,56.52173913043478,1.275992438563327
52,56.52173913043478,1.275992438563327
53,56.52173913043478,1.275992438563327
54,56.52173913043478,1.275992438563327
55,56.52173913043478,1.275992438563327
56,56.52173913043478,1.275992438563327
57,56.52173913043478,1.275992438563327
58,56.52173913043478,1.275992438563327
59,56.52173913043478,1.275992438563327
60,56.52173913043478,1.275992438563327
61,34.78260869565217,0.8979206049149339
62,34.78260869565217,0.8979206049149339
63,34.78260869565217,0.8979206049149339
64,34.78260869565217,0.8979206049149339
65,34.78260869565217,0.8979206049149339
66,34.78260869565217,0.8979206049149339
67,23.91304347826087,0.7561436672967864
68,23.91304347826087,0.7561436672967864
69,23.91304347826087,0.7561436672967864
70,23.91304347826087,0.7561436672967864
71,23.91304347826087,0.7561436672967864
72,21.73913043478261,0.7561436672967864
73,21.73913043478261,0.7561436672967864
74,21.73913043478261,0.7561436672967864
75,21.73913043478261,0.7561436672967864
76,8.695652173913043,0.6143667296786389
77,8.695652173913043,0.6143667296786389
78,8.695652173913043,0.6143667296786389
79,8.695652173913043,0.6143667296786389
80,8.695652173913043,0.6143667296786389
81,4.3478260869565215,0.4725897920604915
82,4.3478260869565215,0.4725897920604915
83,4.3478260869565215,0.4725897920604915
84,0.0,0.42533081285444235
85,0.0,0.42533081285444235
86,0.0,0.42533081285444235
87,0.0,0.42533081285444235
88,0.0,0.42533081285444235
89,0.0,0.42533081285444235
90,0.0,0.42533081285444235
91,0.0,0.42533081285444235
92,0.0,0.42533081285444235
93,0.0,0.42533081285444235
94,0.0,0.42533081285444235
95,0.0,0.42533081285444235
96,0.0,0.42533081285444235
97,0.0,0.42533081285444235
98,0.0,0.42533081285444235
99,0.0,0.42533081285444235
